AGRMNT_ID,MORT_FXED_RT_END_DT
AGR000032,2027-06-21
AGR000034,2028-09-29
AGR000038,2027-01-31
AGR000079,2027-07-21
AGR000089,2026-04-17
AGR000092,2027-03-06
AGR000094,2026-06-20
AGR000107,2027-04-06
AGR000109,2026-06-21
AGR000111,2028-11-17
AGR000121,2027-11-04
AGR000132,2027-11-29
AGR000141,2026-06-17
AGR000153,2027-03-19
AGR000162,2027-03-06
AGR000169,2028-04-07
AGR000174,2026-10-09
AGR000215,2026-05-23
AGR000217,2028-06-11
AGR000230,2028-03-16
AGR000242,2026-06-18
AGR000247,2026-12-30
AGR000249,2026-04-30
AGR000257,2026-06-04
AGR000262,2028-10-25
AGR000270,2028-02-29
AGR000275,2027-07-03
AGR000283,2028-01-04
AGR000314,2027-09-11
AGR000316,2027-11-15
AGR000322,2028-09-30
AGR000324,2028-02-15
AGR000343,2027-09-16
AGR000347,2026-10-18
AGR000381,2028-07-29
AGR000383,2026-06-12
AGR000397,2027-04-27
AGR000403,2026-04-14
AGR000421,2028-01-30
AGR000434,2028-10-03
AGR000439,2027-03-20
AGR000449,2026-12-06
AGR000461,2028-06-16
AGR000475,2028-02-14
AGR000485,2026-05-09
AGR000502,2026-04-15
AGR000513,2028-03-08
