PRTY_ID,EFFECTIVE_START_DT,EFFECTIVE_END_DT,PRTY_TYP_CD,PRTY_SBTYP_CD,RSK_GRD_CD,RSK_GRD_VAL,RSK_GRD_DT,PRTY_SGMNT_CD,HIGH_RSK_CUST_IND
PRTY00000,2021-05-15,,ORG,LTD,BB,5,2021-05-15,MID,N
PRTY00001,2020-08-29,2025-06-30,ORG,PUB,AA,2,2020-08-29,INST,N
PRTY00001,2025-06-30,,ORG,PUB,A,3,2025-06-30,INST,N
PRTY00002,2020-03-16,,ORG,PRT,BB,5,2020-03-16,SME,N
PRTY00003,2022-03-12,,ORG,PRT,B,6,2022-03-12,SME,N
PRTY00004,2020-08-10,,ORG,PRT,BBB,4,2020-08-10,MID,N
PRTY00005,2020-08-08,2023-04-28,ORG,PRT,B,6,2020-08-08,MID,N
PRTY00005,2023-04-28,,ORG,PRT,CCC,7,2023-04-28,MID,N
PRTY00006,2020-08-22,,ORG,PUB,B,6,2020-08-22,MID,N
PRTY00007,2020-07-08,,ORG,PLC,B,6,2020-07-08,SME,N
PRTY00008,2020-10-26,,ORG,COP,B,6,2020-10-26,SME,N
PRTY00009,2020-08-01,,ORG,PUB,CCC,7,2020-08-01,SME,N
PRTY00010,2020-10-15,2025-08-30,ORG,PLC,BB,5,2020-10-15,SME,N
PRTY00010,2025-08-30,,ORG,PLC,CCC,7,2025-08-30,SME,N
PRTY00011,2021-04-16,,ORG,COP,B,6,2021-04-16,MID,N
PRTY00012,2022-01-30,,ORG,COP,BB,5,2022-01-30,SME,N
PRTY00013,2022-03-24,,ORG,COP,B,6,2022-03-24,SME,N
PRTY00014,2021-09-09,,ORG,PUB,CCC,7,2021-09-09,SME,Y
PRTY00015,2020-01-19,2025-11-06,ORG,PUB,BB,5,2020-01-19,SME,N
PRTY00015,2025-11-06,,ORG,PUB,B,6,2025-11-06,SME,N
PRTY00016,2020-11-02,,ORG,PUB,B,6,2020-11-02,SME,N
PRTY00017,2021-06-02,2025-09-12,ORG,PLC,B,6,2021-06-02,SME,N
PRTY00017,2025-09-12,,ORG,PLC,CCC,7,2025-09-12,SME,N
PRTY00018,2021-04-25,,ORG,PUB,B,6,2021-04-25,MID,N
PRTY00019,2021-03-26,,ORG,PRT,BBB,4,2021-03-26,MID,N
PRTY00020,2021-07-21,2023-11-16,ORG,PUB,BB,5,2021-07-21,MID,N
PRTY00020,2023-11-16,,ORG,PUB,B,6,2023-11-16,MID,N
PRTY00021,2021-04-29,,ORG,LTD,B,6,2021-04-29,MID,N
PRTY00022,2021-05-06,2024-04-16,ORG,PUB,B,6,2021-05-06,MID,N
PRTY00022,2024-04-16,,ORG,PUB,CCC,7,2024-04-16,MID,N
PRTY00023,2020-09-11,2023-10-01,ORG,PRT,B,6,2020-09-11,SME,N
PRTY00023,2023-10-01,,ORG,PRT,CC,8,2023-10-01,SME,N
PRTY00024,2020-09-13,,ORG,PLC,BB,5,2020-09-13,MID,N
PRTY00025,2020-11-30,2022-11-25,ORG,PLC,BB,5,2020-11-30,MID,N
PRTY00025,2022-11-25,,ORG,PLC,B,6,2022-11-25,MID,N
PRTY00026,2022-01-26,,ORG,COP,B,6,2022-01-26,SME,N
PRTY00027,2020-01-21,,ORG,PRT,A,3,2020-01-21,LRGE,N
PRTY00028,2020-02-18,,ORG,PLC,BB,5,2020-02-18,SME,N
PRTY00029,2020-10-25,,ORG,PRT,BB,5,2020-10-25,SME,N
PRTY00030,2021-10-11,,ORG,PUB,CCC,7,2021-10-11,SME,N
PRTY00031,2021-07-19,2025-09-29,ORG,LTD,B,6,2021-07-19,SME,N
PRTY00031,2025-09-29,,ORG,LTD,CC,8,2025-09-29,SME,N
PRTY00032,2020-10-24,,ORG,COP,B,6,2020-10-24,SME,N
PRTY00033,2021-08-26,,ORG,PLC,B,6,2021-08-26,MID,N
PRTY00034,2021-02-03,,ORG,PRT,BB,5,2021-02-03,SME,N
PRTY00035,2021-12-06,,ORG,PUB,CCC,7,2021-12-06,SME,N
PRTY00036,2020-03-08,2023-09-21,ORG,PRT,CCC,7,2020-03-08,SME,N
PRTY00036,2023-09-21,,ORG,PRT,C,9,2023-09-21,SME,N
PRTY00037,2022-03-13,,ORG,COP,BB,5,2022-03-13,LRGE,N
PRTY00038,2021-08-30,,ORG,PRT,B,6,2021-08-30,SME,N
PRTY00039,2020-08-29,,ORG,COP,B,6,2020-08-29,SME,N
PRTY00040,2022-02-14,2025-06-10,ORG,PLC,BB,5,2022-02-14,SME,N
PRTY00040,2025-06-10,,ORG,PLC,B,6,2025-06-10,SME,N
PRTY00041,2022-04-23,,ORG,PLC,BBB,4,2022-04-23,LRGE,N
PRTY00042,2021-03-22,2023-03-31,ORG,LTD,A,3,2021-03-22,INST,N
PRTY00042,2023-03-31,,ORG,LTD,BBB,4,2023-03-31,INST,N
PRTY00043,2020-02-08,,ORG,PLC,BBB,4,2020-02-08,MID,N
PRTY00044,2021-12-09,,ORG,PLC,B,6,2021-12-09,SME,N
PRTY00045,2021-05-19,,ORG,PLC,CCC,7,2021-05-19,SME,N
PRTY00046,2021-04-01,,ORG,PRT,BB,5,2021-04-01,SME,N
PRTY00047,2021-03-23,,ORG,PLC,A,3,2021-03-23,LRGE,N
PRTY00048,2022-01-29,,ORG,PLC,CCC,7,2022-01-29,SME,N
PRTY00049,2020-08-27,,ORG,PUB,BBB,4,2020-08-27,LRGE,N
PRTY00050,2022-02-26,,ORG,PRT,B,6,2022-02-26,SME,N
PRTY00051,2020-08-04,,ORG,COP,BB,5,2020-08-04,SME,N
PRTY00052,2021-07-10,,ORG,PUB,BB,5,2021-07-10,SME,N
PRTY00053,2021-02-24,,ORG,LTD,CCC,7,2021-02-24,SME,N
PRTY00054,2022-03-01,,ORG,LTD,B,6,2022-03-01,MID,N
PRTY00055,2021-08-27,,ORG,LTD,BBB,4,2021-08-27,MID,N
PRTY00056,2021-09-26,2024-08-24,ORG,PLC,BB,5,2021-09-26,SME,N
PRTY00056,2024-08-24,,ORG,PLC,CCC,7,2024-08-24,SME,N
PRTY00057,2020-06-08,,ORG,PLC,BB,5,2020-06-08,SME,N
PRTY00058,2021-08-28,,ORG,COP,CCC,7,2021-08-28,SME,N
PRTY00059,2021-03-29,,ORG,PLC,CCC,7,2021-03-29,SME,N
PRTY00060,2021-06-03,,ORG,PUB,CCC,7,2021-06-03,SME,Y
PRTY00061,2022-03-11,,ORG,PUB,B,6,2022-03-11,SME,N
PRTY00062,2020-05-28,,ORG,LTD,CCC,7,2020-05-28,SME,N
PRTY00063,2020-12-01,2025-01-15,ORG,PUB,B,6,2020-12-01,MID,N
PRTY00063,2025-01-15,,ORG,PUB,CC,8,2025-01-15,MID,N
PRTY00064,2020-05-15,,ORG,COP,CCC,7,2020-05-15,SME,N
PRTY00065,2022-04-08,,ORG,PLC,B,6,2022-04-08,SME,N
PRTY00066,2021-07-16,,ORG,PRT,B,6,2021-07-16,SME,N
PRTY00067,2021-11-08,,ORG,LTD,BB,5,2021-11-08,MID,N
PRTY00068,2021-08-19,,ORG,PRT,CCC,7,2021-08-19,SME,N
PRTY00069,2021-02-04,,ORG,PRT,BB,5,2021-02-04,MID,N
PRTY00070,2021-12-06,,ORG,PUB,BBB,4,2021-12-06,MID,N
PRTY00071,2020-11-24,2022-12-10,ORG,PRT,BB,5,2020-11-24,SME,N
PRTY00071,2022-12-10,,ORG,PRT,CCC,7,2022-12-10,SME,N
PRTY00072,2020-02-17,,ORG,PRT,CCC,7,2020-02-17,SME,N
PRTY00073,2020-03-12,,ORG,PUB,B,6,2020-03-12,MID,N
PRTY00074,2020-12-11,,ORG,PLC,B,6,2020-12-11,SME,N
PRTY00075,2020-10-18,,ORG,PRT,B,6,2020-10-18,SME,N
PRTY00076,2020-12-26,2025-08-04,ORG,PLC,BB,5,2020-12-26,SME,N
PRTY00076,2025-08-04,,ORG,PLC,CCC,7,2025-08-04,SME,N
PRTY00077,2020-09-04,,ORG,PRT,BBB,4,2020-09-04,MID,N
PRTY00078,2020-04-10,,ORG,COP,CCC,7,2020-04-10,SME,N
PRTY00079,2021-09-01,,ORG,PLC,B,6,2021-09-01,SME,N
PRTY00080,2021-07-02,,ORG,PUB,CCC,7,2021-07-02,SME,N
PRTY00081,2020-12-14,,ORG,PRT,B,6,2020-12-14,MID,N
PRTY00082,2020-02-24,,ORG,PUB,B,6,2020-02-24,MID,N
PRTY00083,2021-04-10,2024-10-31,ORG,PLC,B,6,2021-04-10,SME,N
PRTY00083,2024-10-31,,ORG,PLC,CCC,7,2024-10-31,SME,N
PRTY00084,2021-09-17,,ORG,PLC,BB,5,2021-09-17,MID,N
PRTY00085,2020-08-27,,ORG,COP,A,3,2020-08-27,LRGE,N
PRTY00086,2021-09-26,2025-02-16,ORG,PUB,BB,5,2021-09-26,LRGE,N
PRTY00086,2025-02-16,,ORG,PUB,B,6,2025-02-16,LRGE,N
PRTY00087,2020-12-05,2022-12-03,ORG,LTD,BB,5,2020-12-05,MID,N
PRTY00087,2022-12-03,,ORG,LTD,B,6,2022-12-03,MID,N
PRTY00088,2020-07-25,,ORG,LTD,CCC,7,2020-07-25,SME,N
PRTY00089,2022-05-27,,ORG,PLC,B,6,2022-05-27,SME,N
PRTY00090,2021-11-05,2025-02-21,ORG,PUB,B,6,2021-11-05,MID,N
PRTY00090,2025-02-21,,ORG,PUB,CC,8,2025-02-21,MID,N
PRTY00091,2020-05-25,2025-04-03,ORG,PRT,B,6,2020-05-25,MID,N
PRTY00091,2025-04-03,,ORG,PRT,CCC,7,2025-04-03,MID,N
PRTY00092,2021-03-19,,ORG,PLC,CCC,7,2021-03-19,SME,N
PRTY00093,2020-06-23,,ORG,COP,CCC,7,2020-06-23,SME,N
PRTY00094,2020-01-30,2022-11-05,ORG,COP,BB,5,2020-01-30,MID,N
PRTY00094,2022-11-05,,ORG,COP,B,6,2022-11-05,MID,N
PRTY00095,2021-04-27,2025-04-19,ORG,COP,A,3,2021-04-27,LRGE,N
PRTY00095,2025-04-19,,ORG,COP,BBB,4,2025-04-19,LRGE,N
PRTY00096,2021-04-28,,ORG,PUB,A,3,2021-04-28,INST,N
PRTY00097,2021-10-27,,ORG,PUB,B,6,2021-10-27,SME,N
PRTY00098,2020-11-13,2024-05-06,ORG,PRT,BBB,4,2020-11-13,MID,N
PRTY00098,2024-05-06,,ORG,PRT,B,6,2024-05-06,MID,N
PRTY00099,2022-02-08,,ORG,PLC,B,6,2022-02-08,SME,N
PRTY00100,2021-05-24,,ORG,PUB,B,6,2021-05-24,SME,N
PRTY00101,2020-05-31,,ORG,LTD,B,6,2020-05-31,SME,N
PRTY00102,2021-06-01,,ORG,PLC,BB,5,2021-06-01,SME,N
PRTY00103,2021-01-03,,ORG,COP,B,6,2021-01-03,SME,N
PRTY00104,2020-07-15,,ORG,PRT,BB,5,2020-07-15,SME,N
PRTY00105,2020-02-15,,ORG,PRT,B,6,2020-02-15,SME,N
PRTY00106,2021-03-19,,ORG,LTD,BB,5,2021-03-19,LRGE,N
PRTY00107,2021-07-01,2024-06-21,ORG,PUB,BBB,4,2021-07-01,MID,N
PRTY00107,2024-06-21,,ORG,PUB,B,6,2024-06-21,MID,N
PRTY00108,2021-09-29,2025-05-18,ORG,LTD,BB,5,2021-09-29,SME,N
PRTY00108,2025-05-18,,ORG,LTD,B,6,2025-05-18,SME,N
PRTY00109,2021-05-17,,ORG,PUB,CCC,7,2021-05-17,SME,N
PRTY00110,2020-12-25,,ORG,PRT,BB,5,2020-12-25,SME,N
PRTY00111,2021-05-05,,ORG,COP,BBB,4,2021-05-05,INST,N
PRTY00112,2021-06-28,2025-03-01,ORG,LTD,B,6,2021-06-28,MID,N
PRTY00112,2025-03-01,,ORG,LTD,CC,8,2025-03-01,MID,N
PRTY00113,2020-09-19,,ORG,PLC,B,6,2020-09-19,SME,N
PRTY00114,2020-06-01,2024-07-03,ORG,PRT,BB,5,2020-06-01,SME,N
PRTY00114,2024-07-03,,ORG,PRT,CCC,7,2024-07-03,SME,N
PRTY00115,2020-06-04,,ORG,COP,B,6,2020-06-04,SME,N
PRTY00116,2021-12-25,2024-12-31,ORG,LTD,BB,5,2021-12-25,SME,N
PRTY00116,2024-12-31,,ORG,LTD,B,6,2024-12-31,SME,N
PRTY00117,2020-01-16,2024-10-28,ORG,LTD,BB,5,2020-01-16,SME,N
PRTY00117,2024-10-28,,ORG,LTD,B,6,2024-10-28,SME,N
PRTY00118,2020-11-23,,ORG,COP,B,6,2020-11-23,MID,N
PRTY00119,2020-09-08,,ORG,LTD,CCC,7,2020-09-08,SME,N
PRTY00120,2021-04-07,,ORG,LTD,BBB,4,2021-04-07,MID,N
PRTY00121,2021-09-08,,ORG,PRT,BBB,4,2021-09-08,LRGE,N
PRTY00122,2021-02-23,,ORG,PUB,CCC,7,2021-02-23,SME,N
PRTY00123,2021-06-25,2023-04-04,ORG,LTD,B,6,2021-06-25,MID,N
PRTY00123,2023-04-04,,ORG,LTD,CCC,7,2023-04-04,MID,N
PRTY00124,2021-05-07,,ORG,PRT,BB,5,2021-05-07,LRGE,N
PRTY00125,2022-01-03,,ORG,COP,BB,5,2022-01-03,SME,N
PRTY00126,2021-04-11,,ORG,PRT,B,6,2021-04-11,MID,N
PRTY00127,2020-12-05,2025-07-29,ORG,PRT,BBB,4,2020-12-05,INST,N
PRTY00127,2025-07-29,,ORG,PRT,B,6,2025-07-29,INST,N
PRTY00128,2021-02-04,,ORG,PLC,B,6,2021-02-04,SME,N
PRTY00129,2020-06-16,,ORG,COP,CCC,7,2020-06-16,SME,N
PRTY00130,2022-04-26,,ORG,PUB,BB,5,2022-04-26,SME,N
PRTY00131,2021-08-22,,ORG,PUB,CCC,7,2021-08-22,SME,N
PRTY00132,2021-02-02,,ORG,PRT,BB,5,2021-02-02,SME,N
PRTY00133,2022-04-14,2024-01-03,ORG,PUB,CCC,7,2022-04-14,SME,Y
PRTY00133,2024-01-03,,ORG,PUB,C,9,2024-01-03,SME,Y
PRTY00134,2020-07-27,,ORG,LTD,BB,5,2020-07-27,MID,N
PRTY00135,2020-04-02,,ORG,LTD,CCC,7,2020-04-02,SME,N
PRTY00136,2021-03-10,2025-06-28,ORG,PRT,CCC,7,2021-03-10,SME,N
PRTY00136,2025-06-28,,ORG,PRT,C,9,2025-06-28,SME,N
PRTY00137,2021-10-22,,ORG,LTD,B,6,2021-10-22,MID,N
PRTY00138,2021-09-13,,ORG,PLC,B,6,2021-09-13,MID,N
PRTY00139,2020-05-08,,ORG,PLC,A,3,2020-05-08,LRGE,N
PRTY00140,2020-06-28,,ORG,COP,BB,5,2020-06-28,MID,N
PRTY00141,2022-02-17,,ORG,PRT,B,6,2022-02-17,SME,N
PRTY00142,2021-06-24,,ORG,LTD,BB,5,2021-06-24,SME,N
PRTY00143,2022-03-21,2022-11-01,ORG,LTD,BB,5,2022-03-21,SME,N
PRTY00143,2022-11-01,,ORG,LTD,B,6,2022-11-01,SME,N
PRTY00144,2021-08-06,,ORG,PUB,B,6,2021-08-06,MID,N
PRTY00145,2020-01-29,,ORG,LTD,CCC,7,2020-01-29,SME,N
PRTY00146,2020-04-01,,ORG,LTD,CCC,7,2020-04-01,SME,N
PRTY00147,2022-05-10,,ORG,LTD,BB,5,2022-05-10,MID,N
PRTY00148,2020-05-01,,ORG,LTD,B,6,2020-05-01,SME,N
PRTY00149,2020-11-25,,ORG,PRT,B,6,2020-11-25,MID,N
PRTY00150,2020-06-22,,ORG,PRT,BBB,4,2020-06-22,MID,N
PRTY00151,2021-08-27,,ORG,PLC,BB,5,2021-08-27,SME,N
PRTY00152,2021-05-20,,ORG,COP,CCC,7,2021-05-20,SME,Y
PRTY00153,2022-04-17,,ORG,LTD,BB,5,2022-04-17,SME,N
PRTY00154,2021-09-02,2025-01-05,ORG,LTD,CCC,7,2021-09-02,SME,N
PRTY00154,2025-01-05,,ORG,LTD,C,9,2025-01-05,SME,N
PRTY00155,2021-05-06,,ORG,LTD,BBB,4,2021-05-06,MID,N
PRTY00156,2022-05-30,,ORG,PLC,BB,5,2022-05-30,SME,N
PRTY00157,2021-10-04,,ORG,PRT,BB,5,2021-10-04,SME,N
PRTY00158,2020-05-30,,ORG,PRT,BB,5,2020-05-30,MID,N
PRTY00159,2020-05-10,,ORG,COP,BB,5,2020-05-10,SME,N
PRTY00160,2022-04-19,,ORG,PLC,BBB,4,2022-04-19,LRGE,N
PRTY00161,2021-08-27,2023-02-08,ORG,PUB,BB,5,2021-08-27,SME,N
PRTY00161,2023-02-08,,ORG,PUB,B,6,2023-02-08,SME,N
PRTY00162,2022-02-24,,ORG,PLC,BB,5,2022-02-24,SME,N
PRTY00163,2020-10-10,,ORG,PUB,B,6,2020-10-10,SME,Y
PRTY00164,2022-01-10,,ORG,LTD,B,6,2022-01-10,SME,N
PRTY00165,2021-02-01,,ORG,PRT,A,3,2021-02-01,LRGE,N
PRTY00166,2020-06-23,,ORG,PLC,CCC,7,2020-06-23,SME,N
PRTY00167,2021-03-09,2024-03-01,ORG,PUB,B,6,2021-03-09,SME,N
PRTY00167,2024-03-01,,ORG,PUB,CCC,7,2024-03-01,SME,N
PRTY00168,2022-05-15,,ORG,PUB,B,6,2022-05-15,SME,N
PRTY00169,2020-06-12,,ORG,LTD,B,6,2020-06-12,MID,N
PRTY00170,2022-01-26,2025-08-15,ORG,PRT,CCC,7,2022-01-26,SME,N
PRTY00170,2025-08-15,,ORG,PRT,CC,8,2025-08-15,SME,N
PRTY00171,2020-03-18,,ORG,PLC,CCC,7,2020-03-18,SME,N
PRTY00172,2020-04-11,,ORG,PLC,B,6,2020-04-11,SME,N
PRTY00173,2020-09-11,,ORG,PLC,B,6,2020-09-11,SME,N
PRTY00174,2020-06-03,,ORG,PLC,B,6,2020-06-03,MID,Y
PRTY00175,2020-06-01,,ORG,LTD,A,3,2020-06-01,LRGE,N
PRTY00176,2020-10-19,,ORG,LTD,CCC,7,2020-10-19,SME,N
PRTY00177,2022-01-21,2024-03-08,ORG,PLC,BBB,4,2022-01-21,INST,N
PRTY00177,2024-03-08,,ORG,PLC,B,6,2024-03-08,INST,N
PRTY00178,2021-06-11,,ORG,COP,B,6,2021-06-11,SME,N
PRTY00179,2021-04-19,2023-02-24,ORG,COP,BB,5,2021-04-19,MID,N
PRTY00179,2023-02-24,,ORG,COP,B,6,2023-02-24,MID,N
PRTY00180,2020-03-29,,ORG,PUB,B,6,2020-03-29,MID,N
PRTY00181,2020-11-16,,ORG,LTD,BB,5,2020-11-16,LRGE,N
PRTY00182,2020-07-19,2025-07-24,ORG,PUB,BB,5,2020-07-19,MID,N
PRTY00182,2025-07-24,,ORG,PUB,CCC,7,2025-07-24,MID,N
PRTY00183,2021-03-20,,ORG,PLC,B,6,2021-03-20,MID,N
PRTY00184,2020-01-31,,ORG,PUB,BB,5,2020-01-31,SME,N
PRTY00185,2020-12-02,,ORG,LTD,CCC,7,2020-12-02,SME,N
PRTY00186,2020-12-24,,ORG,PLC,BB,5,2020-12-24,SME,N
PRTY00187,2021-07-20,2024-02-02,ORG,LTD,BB,5,2021-07-20,SME,N
PRTY00187,2024-02-02,,ORG,LTD,CCC,7,2024-02-02,SME,N
PRTY00188,2020-02-21,2024-05-22,ORG,COP,BB,5,2020-02-21,SME,N
PRTY00188,2024-05-22,,ORG,COP,CCC,7,2024-05-22,SME,N
PRTY00189,2021-04-11,,ORG,LTD,CCC,7,2021-04-11,SME,N
PRTY00190,2021-10-18,,ORG,PLC,B,6,2021-10-18,SME,Y
PRTY00191,2020-10-23,,ORG,PRT,B,6,2020-10-23,MID,N
PRTY00192,2020-08-04,,ORG,PLC,BB,5,2020-08-04,SME,N
PRTY00193,2021-07-27,2026-03-26,ORG,PUB,BBB,4,2021-07-27,INST,N
PRTY00193,2026-03-26,,ORG,PUB,BB,5,2026-03-26,INST,N
PRTY00194,2022-03-08,,ORG,PRT,B,6,2022-03-08,SME,N
PRTY00195,2022-03-21,,ORG,LTD,B,6,2022-03-21,SME,N
PRTY00196,2020-08-30,,ORG,PUB,B,6,2020-08-30,SME,N
PRTY00197,2022-05-05,,ORG,COP,BB,5,2022-05-05,MID,N
PRTY00198,2020-04-12,,ORG,PLC,BB,5,2020-04-12,SME,N
PRTY00199,2020-11-11,,ORG,PRT,CCC,7,2020-11-11,SME,N
PRTY00200,2020-05-21,,ORG,PRT,BBB,4,2020-05-21,MID,N
PRTY00201,2021-08-15,,ORG,LTD,B,6,2021-08-15,SME,N
PRTY00202,2020-07-24,,ORG,PRT,A,3,2020-07-24,LRGE,N
PRTY00203,2020-06-12,2024-03-29,ORG,PLC,B,6,2020-06-12,SME,N
PRTY00203,2024-03-29,,ORG,PLC,CC,8,2024-03-29,SME,N
PRTY00204,2020-02-22,,ORG,PUB,CCC,7,2020-02-22,SME,N
PRTY00205,2020-05-01,,ORG,PLC,BB,5,2020-05-01,SME,N
PRTY00206,2020-12-18,,ORG,PRT,CCC,7,2020-12-18,SME,N
PRTY00207,2020-05-31,,ORG,PUB,B,6,2020-05-31,SME,N
PRTY00208,2022-01-18,,ORG,PRT,CCC,7,2022-01-18,SME,N
PRTY00209,2022-04-12,,ORG,COP,BB,5,2022-04-12,SME,N
PRTY00210,2021-11-28,,ORG,LTD,B,6,2021-11-28,MID,N
PRTY00211,2021-02-05,2026-05-21,ORG,LTD,B,6,2021-02-05,SME,N
PRTY00211,2026-05-21,,ORG,LTD,CCC,7,2026-05-21,SME,N
PRTY00212,2022-01-19,,ORG,PLC,B,6,2022-01-19,SME,N
PRTY00213,2021-06-05,,ORG,COP,CCC,7,2021-06-05,SME,N
PRTY00214,2021-04-15,,ORG,PRT,BB,5,2021-04-15,SME,N
PRTY00215,2020-01-25,,ORG,PUB,BBB,4,2020-01-25,MID,Y
PRTY00216,2020-08-17,,ORG,COP,BB,5,2020-08-17,LRGE,N
PRTY00217,2021-07-21,,ORG,PUB,B,6,2021-07-21,SME,N
PRTY00218,2021-01-28,,ORG,COP,CCC,7,2021-01-28,SME,N
PRTY00219,2021-12-18,,ORG,COP,CCC,7,2021-12-18,SME,N
PRTY00220,2022-02-11,,ORG,PLC,BB,5,2022-02-11,SME,N
PRTY00221,2021-09-08,2022-08-26,ORG,PLC,BB,5,2021-09-08,MID,N
PRTY00221,2022-08-26,,ORG,PLC,CCC,7,2022-08-26,MID,N
PRTY00222,2021-10-29,2025-12-01,ORG,LTD,BB,5,2021-10-29,LRGE,N
PRTY00222,2025-12-01,,ORG,LTD,CCC,7,2025-12-01,LRGE,N
PRTY00223,2021-09-29,,ORG,COP,BB,5,2021-09-29,SME,N
PRTY00224,2020-09-28,,ORG,COP,B,6,2020-09-28,SME,N
PRTY00225,2022-04-06,,ORG,LTD,BBB,4,2022-04-06,MID,N
PRTY00226,2022-05-11,,ORG,PUB,BB,5,2022-05-11,MID,N
PRTY00227,2021-12-29,,ORG,PUB,B,6,2021-12-29,SME,N
PRTY00228,2021-03-31,,ORG,PUB,CCC,7,2021-03-31,SME,N
PRTY00229,2020-02-21,,ORG,PUB,A,3,2020-02-21,LRGE,N
PRTY00230,2020-08-04,,ORG,COP,B,6,2020-08-04,MID,N
PRTY00231,2020-12-20,,ORG,COP,B,6,2020-12-20,SME,N
PRTY00232,2021-06-09,,ORG,LTD,B,6,2021-06-09,SME,N
PRTY00233,2021-07-17,,ORG,PLC,CCC,7,2021-07-17,SME,N
PRTY00234,2022-01-31,2023-01-07,ORG,LTD,BBB,4,2022-01-31,MID,N
PRTY00234,2023-01-07,,ORG,LTD,BB,5,2023-01-07,MID,N
PRTY00235,2020-02-29,,ORG,PLC,CCC,7,2020-02-29,SME,N
PRTY00236,2020-01-29,2024-10-31,ORG,COP,A,3,2020-01-29,LRGE,N
PRTY00236,2024-10-31,,ORG,COP,BBB,4,2024-10-31,LRGE,N
PRTY00237,2021-11-18,,ORG,COP,A,3,2021-11-18,LRGE,N
PRTY00238,2021-05-28,,ORG,LTD,BB,5,2021-05-28,SME,N
PRTY00239,2022-05-30,,ORG,PUB,B,6,2022-05-30,MID,N
PRTY00240,2020-09-05,,ORG,LTD,CCC,7,2020-09-05,SME,N
PRTY00241,2021-11-30,,ORG,PLC,B,6,2021-11-30,SME,N
PRTY00242,2020-06-07,,ORG,LTD,B,6,2020-06-07,MID,N
PRTY00243,2020-09-17,,ORG,PUB,BBB,4,2020-09-17,MID,N
PRTY00244,2020-04-27,2023-10-04,ORG,PRT,B,6,2020-04-27,SME,N
PRTY00244,2023-10-04,,ORG,PRT,CCC,7,2023-10-04,SME,N
PRTY00245,2021-11-15,,ORG,PLC,BB,5,2021-11-15,SME,N
PRTY00246,2020-11-10,2022-09-04,ORG,PLC,B,6,2020-11-10,SME,N
PRTY00246,2022-09-04,,ORG,PLC,CCC,7,2022-09-04,SME,N
PRTY00247,2021-02-04,2024-08-23,ORG,PRT,B,6,2021-02-04,MID,N
PRTY00247,2024-08-23,,ORG,PRT,CCC,7,2024-08-23,MID,N
PRTY00248,2021-10-20,,ORG,PRT,BB,5,2021-10-20,MID,N
PRTY00249,2021-09-05,,ORG,LTD,CCC,7,2021-09-05,SME,N
PRTY00250,2022-02-17,2023-03-14,ORG,PLC,B,6,2022-02-17,MID,N
PRTY00250,2023-03-14,,ORG,PLC,CCC,7,2023-03-14,MID,N
PRTY00251,2020-09-30,,ORG,PUB,CCC,7,2020-09-30,SME,N
PRTY00252,2021-06-24,,ORG,PUB,CCC,7,2021-06-24,SME,N
PRTY00253,2020-12-11,,ORG,LTD,CCC,7,2020-12-11,SME,N
PRTY00254,2021-01-24,,ORG,LTD,BBB,4,2021-01-24,MID,N
PRTY00255,2021-02-24,,ORG,PLC,CCC,7,2021-02-24,SME,N
PRTY00256,2021-06-01,,ORG,LTD,BB,5,2021-06-01,SME,N
PRTY00257,2020-08-13,,ORG,LTD,B,6,2020-08-13,SME,N
PRTY00258,2020-10-20,2022-08-12,ORG,LTD,B,6,2020-10-20,SME,N
PRTY00258,2022-08-12,,ORG,LTD,CC,8,2022-08-12,SME,N
PRTY00259,2020-07-23,,ORG,PLC,B,6,2020-07-23,MID,N
PRTY00260,2020-03-09,,ORG,PRT,CCC,7,2020-03-09,SME,N
PRTY00261,2021-09-11,2025-03-08,ORG,PRT,B,6,2021-09-11,SME,N
PRTY00261,2025-03-08,,ORG,PRT,CCC,7,2025-03-08,SME,N
PRTY00262,2021-12-29,,ORG,PLC,B,6,2021-12-29,SME,N
PRTY00263,2021-10-31,,ORG,PLC,BB,5,2021-10-31,SME,N
PRTY00264,2021-12-04,,ORG,COP,B,6,2021-12-04,SME,N
PRTY00265,2022-04-17,2023-01-07,ORG,PLC,BB,5,2022-04-17,SME,N
PRTY00265,2023-01-07,,ORG,PLC,CCC,7,2023-01-07,SME,N
PRTY00266,2020-06-17,,ORG,PRT,BBB,4,2020-06-17,MID,N
PRTY00267,2022-04-07,,ORG,LTD,BB,5,2022-04-07,SME,N
PRTY00268,2022-01-03,,ORG,PRT,B,6,2022-01-03,MID,N
PRTY00269,2020-02-19,,ORG,LTD,A,3,2020-02-19,INST,N
PRTY00270,2021-08-25,2025-08-21,ORG,PUB,B,6,2021-08-25,SME,N
PRTY00270,2025-08-21,,ORG,PUB,CCC,7,2025-08-21,SME,N
PRTY00271,2020-10-28,,ORG,PRT,B,6,2020-10-28,SME,N
PRTY00272,2020-03-11,,ORG,LTD,BB,5,2020-03-11,LRGE,N
PRTY00273,2021-07-02,,ORG,PRT,B,6,2021-07-02,SME,N
PRTY00274,2021-08-04,2023-10-01,ORG,PLC,CCC,7,2021-08-04,SME,N
PRTY00274,2023-10-01,,ORG,PLC,C,9,2023-10-01,SME,N
PRTY00275,2020-05-10,,ORG,LTD,CCC,7,2020-05-10,SME,N
PRTY00276,2020-06-11,,ORG,PLC,B,6,2020-06-11,SME,N
PRTY00277,2020-11-06,,ORG,PUB,CCC,7,2020-11-06,SME,N
PRTY00278,2022-05-27,,ORG,PUB,CCC,7,2022-05-27,SME,Y
PRTY00279,2021-08-13,,ORG,COP,B,6,2021-08-13,SME,N
PRTY00280,2022-05-27,,ORG,PUB,B,6,2022-05-27,SME,N
PRTY00281,2020-05-21,2024-09-28,ORG,PRT,CCC,7,2020-05-21,SME,N
PRTY00281,2024-09-28,,ORG,PRT,C,9,2024-09-28,SME,N
PRTY00282,2021-02-19,,ORG,COP,BB,5,2021-02-19,SME,N
PRTY00283,2020-03-12,,ORG,PRT,CCC,7,2020-03-12,SME,N
PRTY00284,2020-06-25,,ORG,COP,B,6,2020-06-25,SME,N
PRTY00285,2020-03-31,,ORG,PRT,CCC,7,2020-03-31,SME,N
PRTY00286,2020-07-09,,ORG,COP,CCC,7,2020-07-09,SME,N
PRTY00287,2022-04-04,,ORG,PLC,A,3,2022-04-04,LRGE,N
PRTY00288,2022-01-09,,ORG,COP,BB,5,2022-01-09,MID,N
PRTY00289,2021-01-11,,ORG,PRT,B,6,2021-01-11,SME,N
PRTY00290,2021-12-19,2024-07-16,ORG,PUB,B,6,2021-12-19,SME,N
PRTY00290,2024-07-16,,ORG,PUB,CCC,7,2024-07-16,SME,N
PRTY00291,2021-06-05,,ORG,PUB,BB,5,2021-06-05,MID,N
PRTY00292,2020-11-26,,ORG,LTD,BB,5,2020-11-26,LRGE,N
PRTY00293,2021-07-14,2026-05-21,ORG,LTD,BB,5,2021-07-14,SME,N
PRTY00293,2026-05-21,,ORG,LTD,CCC,7,2026-05-21,SME,N
PRTY00294,2020-04-06,,ORG,COP,B,6,2020-04-06,SME,Y
PRTY00295,2021-09-28,2022-10-21,ORG,COP,CCC,7,2021-09-28,SME,N
PRTY00295,2022-10-21,,ORG,COP,C,9,2022-10-21,SME,N
PRTY00296,2021-01-23,,ORG,PUB,BB,5,2021-01-23,LRGE,N
PRTY00297,2021-09-22,,ORG,LTD,AA,2,2021-09-22,INST,N
PRTY00298,2022-03-10,,ORG,PRT,AA,2,2022-03-10,INST,N
PRTY00299,2020-12-09,2025-10-21,ORG,PUB,BBB,4,2020-12-09,INST,N
PRTY00299,2025-10-21,,ORG,PUB,B,6,2025-10-21,INST,N
